DrugBank ID,Water Solubility,logP,logS,pKa (Strongest Acidic),pKa (Strongest Basic),Physiological Charge,Hydrogen Acceptor Count,Hydrogen Donor Count,Polar Surface Area,Rotatable Bond Count,Refractivity,Polarizability,Number of Rings,Bioavailability,Rule of Five,Ghose Filter,Veber's Rule,MDDR-like Rule
DB00014,0.0283 mg/mL,-5.1,-4.6,9.36,10.91,1,18,17,495.89 Å2,33,325.84 m3·mol-1,130.74 Å3,6,0,No,No,No,Yes
DB00035,0.11 mg/mL,-6.1,-4,9.5,11.77,1,15,14,435.41 Å2,19,279.78 m3·mol-1,104.78 Å3,4,0,No,No,No,Yes
DB11323,3.8 mg/mL,1.63,-1.7,9.72,-2.8,0,3,2,66.76 Å2,4,46.36 m3·mol-1,18.04 Å3,1,1,Yes,Yes,No,No
DB07447,0.00998 mg/mL,3.41,-4.5,19.38,-0.88,0,2,1,37.3 Å2,0,83.6 m3·mol-1,34.62 Å3,4,1,Yes,Yes,Yes,No
DB13758,2.9 mg/mL,2.06,-2,,8.42,1,3,0,38.77 Å2,7,66.2 m3·mol-1,26.87 Å3,1,1,Yes,Yes,Yes,No
DB07467,0.0342 mg/mL,2.64,-4,8.85,0.097,0,4,2,92.5 Å2,3,103.31 m3·mol-1,35.95 Å3,3,1,Yes,Yes,No,No
DB02327,336.0 mg/mL,-1.3,0.35,14.82,-2.7,0,4,2,58.92 Å2,7,36.64 m3·mol-1,16.45 Å3,0,1,Yes,No,No,No
DB17692,,1.3,,,,1,5,3,108.73 Å2,9,107.34 m3·mol-1,43.14 Å3,4,1,Yes,Yes,No,Yes
DB13802,79.2 mg/mL,0.2,-0.37,13.61,-3.3,0,3,2,49.69 Å2,0,48.58 m3·mol-1,20.2 Å3,2,1,Yes,Yes,No,No
DB13805,0.182 mg/mL,1.58,-3.2,7.14,,0,3,2,75.27 Å2,2,68.95 m3·mol-1,26.76 Å3,3,1,Yes,Yes,No,No
DB00180,0.0374 mg/mL,1.56,-4.1,13.73,-2.9,0,6,2,93.06 Å2,2,111.89 m3·mol-1,44.67 Å3,5,1,Yes,Yes,No,No
DB00187,0.144 mg/mL,1.82,-3.3,14.09,9.67,1,4,2,67.79 Å2,10,81.05 m3·mol-1,33.68 Å3,1,1,Yes,Yes,No,No
DB13827,0.563 mg/mL,2.28,-2.6,,9.93,1,3,2,36.42 Å2,1,62.36 m3·mol-1,23.08 Å3,3,1,Yes,Yes,Yes,No
DB17818,,,,,,,,,,,,,,,,,,
DB00191,0.757 mg/mL,2.08,-2.3,,10.25,1,1,1,26.02 Å2,2,48.34 m3·mol-1,17.87 Å3,1,1,Yes,No,Yes,No
DB00193,0.75 mg/mL,2.45,-2.6,13.8,9.23,1,3,1,32.7 Å2,4,78.27 m3·mol-1,30.51 Å3,2,1,Yes,Yes,Yes,No
DB11429,0.0194 mg/mL,3.63,-4.2,18.34,-0.53,0,2,1,37.3 Å2,0,89.14 m3·mol-1,35.86 Å3,4,1,Yes,Yes,Yes,No
DB00195,0.0298 mg/mL,2.54,-4,14.09,9.67,1,4,2,50.72 Å2,11,88.64 m3·mol-1,37.05 Å3,2,1,Yes,Yes,No,No
DB17882,,-6.4,,,,-2,10,7,225.22 Å2,12,84.72 m3·mol-1,35.55 Å3,0,0,No,No,No,No
DB13852,0.0176 mg/mL,2.96,-4.1,,9.83,1,1,1,12.03 Å2,6,62.69 m3·mol-1,24.64 Å3,1,1,Yes,Yes,Yes,No
DB00214,0.0596 mg/mL,1.86,-3.8,5.92,4.2,-1,5,3,100.19 Å2,4,91.89 m3·mol-1,36.15 Å3,2,1,Yes,Yes,No,No
DB02404,0.172 mg/mL,-0.4,-3.3,9.97,-2.7,0,7,2,75.61 Å2,19,87 m3·mol-1,40.13 Å3,0,1,Yes,Yes,No,No
DB11466,0.00375 mg/mL,3.44,-5,8.53,1.31,0,4,1,67.59 Å2,6,104.67 m3·mol-1,40.75 Å3,3,1,Yes,Yes,No,Yes
DB13867,0.0344 mg/mL,2.58,-4.1,12.19,-3.4,0,4,2,74.6 Å2,3,107.87 m3·mol-1,43.32 Å3,4,1,Yes,Yes,No,No
DB11478,0.164 mg/mL,4.45,-3.3,8.68,-1.3,0,4,3,86.99 Å2,0,88.25 m3·mol-1,34.72 Å3,2,1,Yes,Yes,No,No
DB11479,2.01 mg/mL,0.84,-2.1,12.8,9.14,1,3,3,64.6 Å2,2,74.06 m3·mol-1,27.87 Å3,3,1,Yes,Yes,No,No
DB11487,0.0254 mg/mL,2.96,-4.3,12.44,3.41,0,6,2,113.79 Å2,5,130.16 m3·mol-1,51.74 Å3,5,1,Yes,No,No,No
DB13917,6.28 mg/mL,0.32,-1.4,9.27,10.29,1,3,3,52.49 Å2,3,48.02 m3·mol-1,18.29 Å3,1,1,Yes,Yes,No,No
DB13929,0.00767 mg/mL,2.83,-4.9,7.72,-3.8,0,7,2,139.47 Å2,6,152.18 m3·mol-1,59.59 Å3,5,1,No,No,No,Yes
DB11510,0.0311 mg/mL,-1.9,-4.6,9.49,11.54,1,16,17,444.83 Å2,32,349.27 m3·mol-1,132.52 Å3,8,0,No,No,No,Yes
DB00264,0.402 mg/mL,1.76,-2.8,14.09,9.67,1,4,2,50.72 Å2,9,76.7 m3·mol-1,31.9 Å3,1,1,Yes,Yes,No,No
DB13943,0.000437 mg/mL,6.11,-6,18.52,-4.8,0,2,0,43.37 Å2,5,119.36 m3·mol-1,49.84 Å3,5,1,No,No,No,No
DB13944,0.000463 mg/mL,6.29,-5.9,18.52,-4.8,0,2,0,43.37 Å2,7,116.61 m3·mol-1,49.18 Å3,4,1,No,No,No,Yes
DB13946,7.4e-05 mg/mL,8.06,-6.8,18.52,-4.8,0,2,0,43.37 Å2,11,135.02 m3·mol-1,57.8 Å3,4,0,No,No,No,Yes
DB13947,0.000122 mg/mL,8.49,-6.7,11.09,2.14,0,4,2,87.99 Å2,11,182.37 m3·mol-1,74.51 Å3,6,0,No,No,No,Yes
DB11541,0.0266 mg/mL,2.2,-4,9.19,9.89,1,4,4,72.72 Å2,7,87.62 m3·mol-1,33.58 Å3,2,1,Yes,Yes,No,No
DB13958,0.00582 mg/mL,3.79,-4.8,18.34,-4.7,0,2,0,43.37 Å2,2,93.65 m3·mol-1,38.59 Å3,4,1,Yes,Yes,No,No
DB11551,0.0586 mg/mL,2.25,-3.7,18.4,-0.89,0,2,1,37.3 Å2,0,81.65 m3·mol-1,31.26 Å3,4,1,Yes,Yes,Yes,No
DB18059,,3.6,,10.11,-2.8,0,4,2,90.19 Å2,3,106.1 m3·mol-1,42.83 Å3,3,1,Yes,Yes,No,No
DB00295,10.2 mg/mL,0.9,-1.4,10.26,9.12,1,4,2,52.93 Å2,0,80.12 m3·mol-1,29.94 Å3,5,1,Yes,Yes,No,No
DB11609,0.00737 mg/mL,4.59,-4.6,18.8,8.83,1,2,0,20.31 Å2,7,92.85 m3·mol-1,34.67 Å3,2,1,Yes,Yes,Yes,No
DB11610,12.2 mg/mL,0.28,-1.2,9.19,9.8,1,3,3,52.49 Å2,3,51.67 m3·mol-1,19.98 Å3,1,1,Yes,Yes,No,No
DB00327,4.39 mg/mL,1.47,-1.8,10.17,9.08,1,4,1,49.77 Å2,0,78.26 m3·mol-1,30.02 Å3,5,1,Yes,Yes,No,No
DB11619,0.00969 mg/mL,2.85,-4.5,17.88,-1.5,0,2,1,37.3 Å2,1,93.73 m3·mol-1,35.55 Å3,4,1,Yes,Yes,Yes,No
DB00333,0.0059 mg/mL,5.01,-4.7,19.79,9.12,1,2,0,20.31 Å2,7,97.27 m3·mol-1,36.28 Å3,2,1,No,Yes,Yes,No
DB00335,0.429 mg/mL,0.43,-2.8,14.08,9.67,1,4,3,84.58 Å2,8,73.51 m3·mol-1,29.98 Å3,1,1,Yes,Yes,No,No
DB04733,16.2 mg/mL,-4,-1.3,1.19,-3.5,-4,10,8,214.44 Å2,9,60.15 m3·mol-1,26.26 Å3,0,0,No,No,No,No
DB00357,0.371 mg/mL,1.3,-2.8,11.69,4.28,0,3,2,72.19 Å2,2,65.35 m3·mol-1,24.69 Å3,2,1,Yes,Yes,No,No
DB00368,12.5 mg/mL,-0.68,-1.1,9.5,8.85,1,4,4,86.71 Å2,2,44.46 m3·mol-1,16.96 Å3,1,1,Yes,No,No,No
DB00373,0.269 mg/mL,1.34,-3.1,14.08,9.76,1,7,2,79.74 Å2,7,83.92 m3·mol-1,33.86 Å3,2,1,Yes,Yes,No,No
DB11682,0.345 mg/mL,1.4,-3.1,0.35,-9.1,-2,6,2,124.09 Å2,5,96.89 m3·mol-1,40.18 Å3,3,1,Yes,Yes,No,No
DB18214,,0.68,,11.89,8.34,1,6,2,122.04 Å2,7,141.39 m3·mol-1,56.61 Å3,4,1,No,No,No,Yes
DB00384,0.963 mg/mL,1.11,-2.4,15.88,1.86,0,7,3,129.62 Å2,1,75.13 m3·mol-1,25.9 Å3,3,1,Yes,Yes,No,No
DB14093,0.0333 mg/mL,3.37,-3.9,18.52,-0.88,0,2,1,37.3 Å2,0,84.43 m3·mol-1,34.05 Å3,4,1,Yes,Yes,Yes,No
DB18246,,3.73,,,5.06,0,13,6,307.9 Å2,20,352.75 m3·mol-1,145.88 Å3,1,0,No,No,No,No
DB14110,742.0 mg/mL,-0.73,0.92,15.41,-2.4,0,2,2,40.46 Å2,2,23.84 m3·mol-1,9.96 Å3,0,1,Yes,No,No,No
DB00421,0.00198 mg/mL,3.64,-5.3,17.89,-4.9,0,3,0,60.44 Å2,2,113.5 m3·mol-1,46.03 Å3,5,1,Yes,Yes,No,No
DB14136,0.194 mg/mL,3.45,-3.1,14.82,-2.9,0,3,1,55.76 Å2,6,68.93 m3·mol-1,29.72 Å3,1,1,Yes,Yes,No,No
DB00422,0.182 mg/mL,2.25,-3.1,,9.09,1,2,1,38.33 Å2,4,66.73 m3·mol-1,25.91 Å3,2,1,Yes,Yes,Yes,No
DB14140,,,,,,,,,,,,,,,,,,
DB07768,0.0333 mg/mL,3.37,-3.9,18.52,-0.88,0,2,1,37.3 Å2,0,84.43 m3·mol-1,33.93 Å3,4,1,Yes,Yes,Yes,No
DB04825,3.54e-05 mg/mL,6.12,-7,,10.48,1,1,1,12.03 Å2,8,107.09 m3·mol-1,39.76 Å3,3,1,No,No,Yes,Yes
DB00436,0.214 mg/mL,1.7,-3.3,9.04,-3.1,0,5,3,118.36 Å2,4,93.68 m3·mol-1,36.92 Å3,3,1,Yes,Yes,No,No
DB18409,,0.93,,1.38,2.4,-2,8,5,171.58 Å2,7,124.83 m3·mol-1,50.68 Å3,4,1,No,No,No,Yes
DB02645,421.0 mg/mL,-2.4,0.23,12.21,-3,0,7,4,111.91 Å2,5,54.28 m3·mol-1,24.4 Å3,2,1,Yes,No,No,No
DB00443,0.0505 mg/mL,1.68,-3.9,12.42,-3.3,0,5,3,94.83 Å2,2,102.49 m3·mol-1,40.81 Å3,4,1,Yes,Yes,No,No
DB04846,0.174 mg/mL,1.5,-3.3,13.55,9.66,1,5,3,90.9 Å2,10,108.25 m3·mol-1,43.18 Å3,1,1,Yes,Yes,No,No
DB04847,0.0115 mg/mL,1.85,-4.5,2.75,3.84,-1,5,3,108.75 Å2,5,92.85 m3·mol-1,35.7 Å3,3,1,Yes,Yes,No,No
DB00460,0.0136 mg/mL,6.33,-4.7,4.18,4.86,-1,7,3,173.56 Å2,12,199.08 m3·mol-1,81.21 Å3,6,0,No,No,No,Yes
DB04861,0.0403 mg/mL,3.21,-4,13.52,8.9,1,5,3,70.95 Å2,6,103.32 m3·mol-1,41.98 Å3,4,1,Yes,Yes,No,Yes
DB04862,0.11 mg/mL,1.94,-3.6,11.22,0.57,0,5,3,123.95 Å2,8,121.39 m3·mol-1,45.46 Å3,4,1,Yes,Yes,No,Yes
DB00475,0.0199 mg/mL,0.19,-4.2,-2.7,7.06,1,3,1,50.46 Å2,1,87.34 m3·mol-1,31.22 Å3,3,1,Yes,Yes,No,No
DB14205,,0.23,,3.09,,2,0,0,0 Å2,0,0 m3·mol-1,1.78 Å3,0,1,Yes,No,Yes,No
DB14206,35.3 mg/mL,0.61,-0.57,-7,,-1,0,0,0 Å2,0,5.62 m3·mol-1,2.39 Å3,0,1,Yes,No,Yes,No
DB00481,0.000512 mg/mL,5.46,-6,9,8.42,1,5,2,70 Å2,7,135.48 m3·mol-1,52.55 Å3,5,1,No,No,No,Yes
DB00489,0.782 mg/mL,-0.4,-2.5,10.07,9.43,1,4,3,78.43 Å2,5,71.12 m3·mol-1,29.34 Å3,1,1,Yes,Yes,No,No
DB00497,5.59 mg/mL,1.03,-1.8,13.57,8.77,1,5,1,59 Å2,1,84.04 m3·mol-1,32.79 Å3,5,1,Yes,Yes,No,No
DB04890,0.0503 mg/mL,0.55,-3.9,4.1,9.39,0,5,1,62.66 Å2,8,105.1 m3·mol-1,42.18 Å3,3,1,Yes,Yes,No,Yes
DB00502,0.00446 mg/mL,3.66,-4.9,13.96,8.05,1,3,1,40.54 Å2,6,102.59 m3·mol-1,39.15 Å3,3,1,Yes,Yes,No,Yes
DB11837,0.356 mg/mL,2.11,-2.8,,7.15,1,2,0,41.61 Å2,1,62.07 m3·mol-1,22.53 Å3,3,1,Yes,Yes,No,No
DB02726,18.4 mg/mL,-1.2,-0.93,1.14,,-3,5,3,104.06 Å2,3,25.22 m3·mol-1,10.67 Å3,0,1,Yes,No,No,No
DB00521,0.421 mg/mL,1.42,-2.8,13.41,9.76,1,4,3,70.59 Å2,6,83.14 m3·mol-1,32.79 Å3,2,1,Yes,Yes,No,No
DB00524,0.0407 mg/mL,2.94,-4,9.54,-1.6,0,4,2,92.5 Å2,2,94.59 m3·mol-1,36.38 Å3,3,1,Yes,Yes,No,No
DB00526,27.5 mg/mL,-0.47,-1.2,,,0,0,0,85.82 Å2,0,67.52 m3·mol-1,21.9 Å3,3,1,No,No,No,No
DB04938,0.000526 mg/mL,5.56,-5.9,15.1,-2.8,0,2,1,29.46 Å2,8,121.68 m3·mol-1,41.97 Å3,3,1,No,Yes,Yes,Yes
DB14512,0.0108 mg/mL,5.06,-4.7,13.84,-3.1,0,4,1,93.81 Å2,5,132.5 m3·mol-1,52.31 Å3,5,0,No,No,No,No
DB14514,1.22 mg/mL,-0.069,-2.3,4.32,-7.3,-1,3,0,57.2 Å2,6,37.93 m3·mol-1,10.79 Å3,0,1,Yes,No,No,No
DB00539,0.000409 mg/mL,6.27,-6,,8.76,1,2,0,12.47 Å2,9,133.41 m3·mol-1,46.49 Å3,3,1,No,No,Yes,Yes
DB04980,0.0214 mg/mL,5.85,-4.6,11.81,4.98,0,8,4,203.02 Å2,17,216.44 m3·mol-1,90.31 Å3,6,0,No,No,No,Yes
DB14538,0.00526 mg/mL,2.86,-4.9,14.81,-2.8,0,5,1,106.97 Å2,7,120.33 m3·mol-1,49.74 Å3,4,1,Yes,Yes,No,Yes
DB14539,0.0582 mg/mL,1.72,-3.8,12.61,-2.8,0,5,2,100.9 Å2,4,106.55 m3·mol-1,43.82 Å3,4,1,Yes,Yes,No,No
DB14540,0.0136 mg/mL,2.86,-4.5,13.75,-2.8,0,5,2,100.9 Å2,6,115.78 m3·mol-1,47.74 Å3,4,1,Yes,Yes,No,Yes
DB14541,0.00326 mg/mL,4.02,-5.2,12.61,-2.8,0,5,2,100.9 Å2,7,132.33 m3·mol-1,54.76 Å3,5,1,Yes,No,No,Yes
DB00564,0.152 mg/mL,2.77,-3.2,15.96,-3.8,0,1,1,46.33 Å2,0,71.89 m3·mol-1,25 Å3,3,1,Yes,Yes,No,No
DB14542,0.73 mg/mL,1.15,-2.8,1.18,-2.8,-2,7,4,141.36 Å2,4,108.27 m3·mol-1,44.37 Å3,4,1,Yes,Yes,No,No
DB14543,0.00283 mg/mL,4,-5.2,14.81,-2.8,0,5,1,106.97 Å2,9,129.56 m3·mol-1,53.93 Å3,4,1,Yes,No,No,Yes
DB14544,0.00763 mg/mL,3.31,-4.8,13.75,-2.8,0,5,2,100.9 Å2,7,120.38 m3·mol-1,50.08 Å3,4,1,Yes,Yes,No,Yes
DB14545,0.0653 mg/mL,1.54,-3.8,3.66,-2.8,-1,7,3,138.2 Å2,7,117.44 m3·mol-1,48.68 Å3,4,1,Yes,Yes,No,Yes
DB00571,0.0794 mg/mL,2.58,-3.5,14.09,9.67,1,3,2,41.49 Å2,6,76.83 m3·mol-1,29.98 Å3,2,1,Yes,Yes,No,No
DB00574,0.0215 mg/mL,3.47,-4,,10.22,1,1,1,12.03 Å2,5,59.2 m3·mol-1,22.69 Å3,1,1,Yes,Yes,Yes,No
DB11921,0.0175 mg/mL,1.8,-4.4,14.74,0.48,0,5,1,102.26 Å2,4,117.12 m3·mol-1,46.79 Å3,5,1,Yes,Yes,No,No
DB14574,0.0 mg/mL,0.23,1.08,,,0,0,0,0 Å2,0,0 m3·mol-1,1.78 Å3,0,1,Yes,No,Yes,No
DB00588,0.0114 mg/mL,3.72,-4.6,13.61,-3.4,0,4,1,80.67 Å2,6,121.65 m3·mol-1,49.29 Å3,4,1,No,No,No,Yes
DB05039,0.00798 mg/mL,3.26,-4.7,8.51,9.71,1,4,4,81.59 Å2,6,118.1 m3·mol-1,44.96 Å3,4,1,Yes,Yes,No,Yes
DB00591,0.0547 mg/mL,1.6,-3.9,13.38,-3.3,0,6,2,93.06 Å2,2,111.41 m3·mol-1,44.84 Å3,5,1,Yes,Yes,No,No
DB00594,0.616 mg/mL,-0.5,-2.6,11.43,7.35,1,7,5,156.79 Å2,1,67.18 m3·mol-1,20 Å3,1,1,Yes,No,No,No
DB14589,18.2 mg/mL,1.51,-0.91,14.27,-2.9,0,2,2,40.46 Å2,6,41.9 m3·mol-1,18.09 Å3,0,1,Yes,No,No,No
DB00598,0.00578 mg/mL,1.89,-4.8,8.05,9.8,1,4,4,95.58 Å2,8,94.72 m3·mol-1,36.83 Å3,2,1,Yes,Yes,No,No
DB14624,0.018 mg/mL,3.12,-4.3,-1.3,-4.7,-1,4,1,80.67 Å2,2,89.95 m3·mol-1,38.16 Å3,4,1,Yes,Yes,No,No
DB14625,0.0168 mg/mL,2.46,-4.4,12.46,-3.9,0,5,1,97.74 Å2,4,111.19 m3·mol-1,44.17 Å3,4,1,Yes,Yes,No,No
DB14631,0.432 mg/mL,1.15,-3,1.18,-2.9,-2,7,4,141.36 Å2,4,109.37 m3·mol-1,43.42 Å3,4,1,Yes,Yes,No,No
DB14632,0.00929 mg/mL,3.45,-4.7,12.61,-2.9,0,5,2,100.9 Å2,6,125.9 m3·mol-1,51.06 Å3,4,1,Yes,No,No,Yes
DB14633,0.0483 mg/mL,1.54,-4,3.66,-2.9,-1,7,3,138.2 Å2,7,118.54 m3·mol-1,47.52 Å3,4,1,Yes,Yes,No,Yes
DB00612,0.0707 mg/mL,2.2,-3.7,14.09,9.67,1,5,2,59.95 Å2,12,92.15 m3·mol-1,38.5 Å3,1,1,Yes,Yes,No,No
DB14637,0.0414 mg/mL,1.37,-4,12.61,-2.9,0,5,2,100.9 Å2,4,107.47 m3·mol-1,42.94 Å3,4,1,Yes,Yes,No,No
DB14639,5.54e-05 mg/mL,7.76,-6.9,18.39,-5,0,2,0,43.37 Å2,11,136.15 m3·mol-1,56.18 Å3,4,0,No,No,No,Yes
DB00620,0.847 mg/mL,0.24,-2.7,11.75,-3.3,0,6,4,115.06 Å2,2,99.38 m3·mol-1,39.8 Å3,4,1,Yes,Yes,No,No
DB00621,0.014 mg/mL,2.95,-4.3,,-0.53,0,2,1,46.53 Å2,0,84.75 m3·mol-1,35.4 Å3,4,1,Yes,Yes,No,No
DB14643,0.00637 mg/mL,3.14,-4.9,14.8,-2.9,0,5,1,106.97 Å2,7,125.97 m3·mol-1,50.86 Å3,4,1,Yes,Yes,No,Yes
DB00624,0.0333 mg/mL,3.37,-3.9,18.52,-0.88,0,2,1,37.3 Å2,0,84.43 m3·mol-1,33.88 Å3,4,1,Yes,Yes,Yes,No
DB14644,0.0264 mg/mL,1.83,-4.2,3.66,-2.9,-1,7,3,138.2 Å2,7,123.09 m3·mol-1,49.87 Å3,4,1,Yes,Yes,No,Yes
DB14646,0.0235 mg/mL,2.1,-4.2,12.6,-3.8,0,5,1,97.74 Å2,4,106.72 m3·mol-1,42.51 Å3,4,1,Yes,Yes,No,No
DB14649,0.0164 mg/mL,2.12,-4.4,12.44,-3.4,0,5,2,100.9 Å2,4,111.64 m3·mol-1,45.02 Å3,4,1,Yes,Yes,No,No
DB14655,0.000631 mg/mL,5.1,-5.8,,-6.9,0,2,0,43.37 Å2,3,101.96 m3·mol-1,43.19 Å3,4,1,No,Yes,No,No
DB00635,,1.66,,12.58,-3.3,0,5,2,91.67 Å2,2,97.57 m3·mol-1,38.2 Å3,4,1,Yes,Yes,No,No
DB05107,0.00209 mg/mL,4.44,-5.2,18.3,-1.4,0,2,1,37.3 Å2,0,91.34 m3·mol-1,37.98 Å3,4,1,Yes,Yes,Yes,No
DB14660,0.00758 mg/mL,2.7,-4.6,18.4,-4.8,0,2,0,43.37 Å2,2,90.81 m3·mol-1,35.53 Å3,4,1,Yes,Yes,No,No
DB14662,0.0113 mg/mL,2,-4.6,14.62,-2.9,0,6,1,99.13 Å2,4,121.04 m3·mol-1,48.96 Å3,5,1,Yes,Yes,No,No
DB00644,0.0588 mg/mL,-6.3,-4.3,9.47,11.16,1,17,16,474.63 Å2,31,302.51 m3·mol-1,120.21 Å3,6,0,No,No,No,Yes
DB14664,0.00492 mg/mL,4.25,-5,13.61,-3.4,0,4,1,80.67 Å2,5,123.85 m3·mol-1,50.61 Å3,4,1,Yes,Yes,No,No
DB14669,2.9 mg/mL,1.56,-2.2,1.18,-3.4,-2,7,4,141.36 Å2,4,113.37 m3·mol-1,45.43 Å3,4,1,Yes,Yes,No,No
DB00652,0.122 mg/mL,3.89,-3.4,10.42,9.57,1,2,1,23.47 Å2,2,89.8 m3·mol-1,33.97 Å3,3,1,Yes,Yes,Yes,No
DB14681,0.136 mg/mL,1.66,-3.4,12.58,-3.3,0,5,2,91.67 Å2,2,96.47 m3·mol-1,38.95 Å3,4,1,Yes,Yes,No,No
DB00666,0.0166 mg/mL,-2.7,-4.9,9.49,11.92,1,17,17,472.13 Å2,33,357.8 m3·mol-1,135.67 Å3,8,0,No,No,No,Yes
DB00668,18.6 mg/mL,-0.43,-0.99,9.69,8.91,1,4,4,72.72 Å2,3,49.23 m3·mol-1,19.04 Å3,1,1,Yes,No,No,No
DB14703,0.0457 mg/mL,1.22,-4.1,-2.5,-3.4,-1,8,3,155.27 Å2,6,142.94 m3·mol-1,57.93 Å3,5,1,No,No,No,Yes
DB00675,0.00102 mg/mL,6.35,-5.6,,8.76,1,2,0,12.47 Å2,8,128.43 m3·mol-1,44.19 Å3,3,1,No,No,Yes,Yes
DB00687,0.224 mg/mL,1.32,-3.2,12.55,-3.3,0,5,3,94.83 Å2,2,96.93 m3·mol-1,39.53 Å3,4,1,Yes,Yes,No,No
DB00695,0.118 mg/mL,1.75,-3.4,4.25,-1.5,-1,5,3,122.63 Å2,5,77.47 m3·mol-1,30.55 Å3,2,1,Yes,Yes,No,No
DB14752,8.26 mg/mL,1.32,-1.3,13.89,9.52,1,2,2,32.26 Å2,3,49.69 m3·mol-1,18.87 Å3,1,1,Yes,Yes,Yes,No
DB14754,1.95 mg/mL,0.86,-2,15.68,9.08,1,2,2,78.34 Å2,5,53.08 m3·mol-1,20.64 Å3,1,1,Yes,Yes,No,No
DB02924,0.351 mg/mL,2.32,-2.6,,-4.2,0,1,0,12.53 Å2,1,45.24 m3·mol-1,18.19 Å3,2,1,Yes,No,Yes,No
DB00714,0.51 mg/mL,2.88,-2.7,9.26,7.72,1,3,2,43.7 Å2,0,79.99 m3·mol-1,29.7 Å3,4,1,Yes,Yes,No,No
DB12078,0.00563 mg/mL,3.27,-4.8,11.95,-4,0,5,2,106.14 Å2,6,95.05 m3·mol-1,35.87 Å3,2,1,Yes,Yes,No,No
DB12097,18.7 mg/mL,-3.9,-1.3,12.56,-3.6,0,8,4,167.66 Å2,9,63.91 m3·mol-1,30.22 Å3,0,1,Yes,No,No,No
DB00741,0.199 mg/mL,1.28,-3.3,12.59,-2.8,0,5,3,94.83 Å2,2,97.4 m3·mol-1,39.45 Å3,4,1,Yes,Yes,No,No
DB00742,229.0 mg/mL,-3.7,0.1,12.59,-3,0,6,6,121.38 Å2,5,38.4 m3·mol-1,17.04 Å3,0,1,No,No,No,No
DB00745,0.622 mg/mL,1.53,-2.6,8.84,-4.4,0,2,1,60.16 Å2,5,77.39 m3·mol-1,28.71 Å3,2,1,Yes,Yes,No,No
DB14823,0.0291 mg/mL,3.71,-4.2,,3.84,0,5,0,56.07 Å2,3,125.18 m3·mol-1,43.95 Å3,5,1,Yes,Yes,No,No
DB00764,0.00523 mg/mL,3.5,-4.9,12.49,-3.3,0,4,2,74.6 Å2,2,110.29 m3·mol-1,43.82 Å3,4,1,Yes,Yes,No,No
DB12134,0.311 mg/mL,0.16,-3.2,,8.62,1,7,1,90.37 Å2,5,133.84 m3·mol-1,49.25 Å3,6,1,Yes,No,No,No
DB02998,0.0332 mg/mL,2.53,-3.9,18.4,-0.53,0,2,1,37.3 Å2,0,86.29 m3·mol-1,33.01 Å3,4,1,Yes,Yes,Yes,No
DB03026,13.8 mg/mL,-2,-1.1,1.32,-5.6,-2,5,4,116.09 Å2,3,28.81 m3·mol-1,12.04 Å3,0,1,Yes,No,No,No
DB14923,0.00575 mg/mL,3.51,-5,13.84,6.78,1,9,1,123.71 Å2,10,171.17 m3·mol-1,70.85 Å3,5,1,No,No,No,Yes
DB00808,0.0342 mg/mL,2.64,-4,8.85,0.097,0,4,2,92.5 Å2,3,103.31 m3·mol-1,36.34 Å3,3,1,Yes,Yes,No,No
DB00813,0.024 mg/mL,3.82,-4.2,,8.77,1,2,0,23.55 Å2,6,103.48 m3·mol-1,39.89 Å3,3,1,Yes,Yes,Yes,Yes
DB05394,,,,,,,,,,,,,,,,,,
DB00819,2.79 mg/mL,-1,-1.9,6.55,-3.3,-1,5,2,115.04 Å2,2,47.36 m3·mol-1,19.16 Å3,1,1,Yes,No,No,No
DB00830,2.44 mg/mL,1.79,-1.9,,8.22,1,2,1,21.26 Å2,1,52.47 m3·mol-1,20.1 Å3,2,1,Yes,Yes,Yes,No
DB12221,0.0042 mg/mL,3.6,-4.9,,-4.8,0,2,0,43.37 Å2,0,97.48 m3·mol-1,38.67 Å3,5,1,Yes,Yes,No,No
DB00852,8.26 mg/mL,1.32,-1.3,13.89,9.52,1,2,2,32.26 Å2,3,49.69 m3·mol-1,18.83 Å3,1,1,Yes,Yes,Yes,No
DB03085,608.0 mg/mL,-1,0.9,3.53,-3.6,-1,3,2,57.53 Å2,1,14.35 m3·mol-1,6.2 Å3,0,1,Yes,No,No,No
DB00858,0.00605 mg/mL,3.95,-4.7,19.38,-0.88,0,2,1,37.3 Å2,0,88.18 m3·mol-1,36.63 Å3,4,1,Yes,Yes,Yes,No
DB00860,0.239 mg/mL,1.27,-3.2,12.59,-2.9,0,5,3,94.83 Å2,2,98.49 m3·mol-1,38.69 Å3,4,1,Yes,Yes,No,No
DB12248,0.366 mg/mL,2.56,-2.8,13.9,9.55,1,2,2,32.26 Å2,4,63.88 m3·mol-1,24.53 Å3,1,1,Yes,Yes,Yes,No
DB00866,0.188 mg/mL,2.69,-3.1,14.09,9.67,1,3,2,41.49 Å2,8,74.66 m3·mol-1,29.38 Å3,1,1,Yes,Yes,No,No
DB12255,0.0436 mg/mL,2.2,-3.8,3.12,1.15,-1,5,3,99.52 Å2,4,75.51 m3·mol-1,29.63 Å3,2,1,Yes,Yes,No,No
DB00871,,0.44,,8.86,9.76,1,4,4,72.72 Å2,4,63.04 m3·mol-1,24.78 Å3,1,1,Yes,Yes,No,No
DB00872,0.00175 mg/mL,5.44,-5.5,13.53,6.23,0,3,2,78.09 Å2,4,150.83 m3·mol-1,55.51 Å3,6,1,No,No,No,No
DB12266,0.00737 mg/mL,-5.3,-5.3,2.52,11.91,-3,30,17,597.15 Å2,38,398.92 m3·mol-1,159.26 Å3,6,0,No,No,No,Yes
DB00880,0.398 mg/mL,-0.44,-2.9,9.19,-4.2,0,6,2,118.69 Å2,1,62.51 m3·mol-1,24.55 Å3,2,1,Yes,No,No,No
DB00882,0.000414 mg/mL,6.47,-6,,9.31,1,2,0,12.47 Å2,9,133.76 m3·mol-1,46.72 Å3,3,1,No,No,Yes,Yes
DB00887,0.0257 mg/mL,2.42,-4.2,4.69,2.7,-1,5,3,118.72 Å2,8,95.78 m3·mol-1,37.21 Å3,2,1,Yes,Yes,No,No
DB00893,,,,,,,,,,,,,,,,,,
DB00894,0.023 mg/mL,3.23,-4.1,18.37,-5,0,2,0,43.37 Å2,0,85.79 m3·mol-1,33.42 Å3,4,1,Yes,Yes,No,No
DB00903,0.0194 mg/mL,3.66,-4.2,2.8,-5,-1,4,1,63.6 Å2,6,72.22 m3·mol-1,28.57 Å3,1,1,Yes,Yes,No,No
DB00907,5.03 mg/mL,2.28,-1.8,,8.85,1,3,0,55.84 Å2,5,81.16 m3·mol-1,32.02 Å3,3,1,Yes,Yes,No,No
DB00921,0.0168 mg/mL,3.55,-4.4,10.42,9.63,1,5,2,62.16 Å2,5,131.76 m3·mol-1,53.03 Å3,7,1,Yes,No,No,No
DB00938,0.00226 mg/mL,3.61,-5.3,10.12,9.4,1,5,4,81.95 Å2,16,122.39 m3·mol-1,50.6 Å3,2,1,Yes,Yes,No,No
DB15133,,4,,,9.13,1,7,0,94.71 Å2,7,154.74 m3·mol-1,54.7 Å3,5,1,Yes,No,No,Yes
DB00947,0.00672 mg/mL,7.57,-5,10.32,-0.88,0,3,2,57.53 Å2,15,155.34 m3·mol-1,65.88 Å3,4,0,No,No,No,Yes
DB00959,0.109 mg/mL,1.56,-3.5,12.59,-2.9,0,5,3,94.83 Å2,2,103.04 m3·mol-1,40.77 Å3,4,1,Yes,Yes,No,No
DB00960,0.861 mg/mL,1.69,-2.5,14.09,9.67,1,3,3,57.28 Å2,6,71.46 m3·mol-1,28.27 Å3,2,1,Yes,Yes,No,No
DB12370,0.0032 mg/mL,0.64,-5.4,11.79,10.2,2,8,8,240.21 Å2,19,196.22 m3·mol-1,77.05 Å3,4,0,No,No,No,Yes
DB15198,0.0059 mg/mL,5.01,-4.7,19.79,9.12,1,2,0,20.31 Å2,7,97.27 m3·mol-1,36.08 Å3,2,1,No,Yes,Yes,No
DB00983,0.0416 mg/mL,1.06,-3.9,8.61,9.81,1,5,4,90.82 Å2,8,97.87 m3·mol-1,36.56 Å3,2,1,Yes,Yes,No,No
DB00984,0.000458 mg/mL,5.79,-6,18.25,-4.7,0,2,0,43.37 Å2,5,118.43 m3·mol-1,47.83 Å3,5,1,No,No,No,No
DB15205,0.02 mg/mL,2,-4.4,12.19,8.34,1,6,2,117.33 Å2,9,140.17 m3·mol-1,54.59 Å3,4,1,No,No,No,Yes
DB00990,0.00683 mg/mL,3.87,-4.6,,-5,0,2,0,34.14 Å2,0,89.03 m3·mol-1,33.72 Å3,4,1,Yes,Yes,Yes,No
DB00999,2.24 mg/mL,-0.58,-2.1,9.09,-2.7,0,5,3,118.36 Å2,1,63.11 m3·mol-1,25.35 Å3,2,1,Yes,No,No,No
DB08357,11.4 mg/mL,0.74,-1.2,,-3.7,0,3,0,27.69 Å2,8,44.6 m3·mol-1,19.75 Å3,0,1,Yes,Yes,Yes,No
DB01001,2.15 mg/mL,0.34,-2,10.12,9.4,1,4,4,72.72 Å2,5,67.87 m3·mol-1,26.86 Å3,1,1,Yes,Yes,No,No
DB01006,0.0799 mg/mL,2.94,-3.6,,1.89,0,4,0,78.29 Å2,3,94.47 m3·mol-1,29.59 Å3,3,1,Yes,Yes,No,No
DB08366,0.0144 mg/mL,3.24,-4.5,2.96,-3.4,-1,7,4,133.16 Å2,5,115.72 m3·mol-1,44.69 Å3,5,1,Yes,Yes,No,No
DB05804,0.00806 mg/mL,3.42,-4.7,-1.4,-7.5,-1,4,1,80.67 Å2,2,94.65 m3·mol-1,39.85 Å3,4,1,Yes,Yes,No,No
DB05805,0.00223 mg/mL,3.81,-5.2,,9.76,1,2,0,12.47 Å2,3,84.32 m3·mol-1,33.66 Å3,3,1,Yes,Yes,Yes,No
DB05830,0.0391 mg/mL,3.35,-3.9,18.34,-0.88,0,2,1,37.3 Å2,0,84.5 m3·mol-1,33.92 Å3,4,1,Yes,Yes,Yes,No
DB08387,0.00149 mg/mL,4.67,-5.4,,4.31,0,4,0,52.83 Å2,5,127.18 m3·mol-1,43.9 Å3,5,1,Yes,Yes,No,No
DB08388,0.0061 mg/mL,2.44,-4.8,6.59,-3.5,-1,5,2,102.96 Å2,8,98.65 m3·mol-1,37.48 Å3,3,1,Yes,Yes,No,Yes
DB01032,0.425 mg/mL,2.44,-2.8,3.53,,-1,4,1,74.68 Å2,6,73.81 m3·mol-1,29.96 Å3,1,1,Yes,Yes,No,No
DB01037,0.0254 mg/mL,2.85,-3.9,,8.67,1,1,0,3.24 Å2,4,61.35 m3·mol-1,22.69 Å3,1,1,Yes,Yes,Yes,No
DB08426,0.0457 mg/mL,0.76,-4,8.63,5.5,0,5,2,108.05 Å2,4,106.85 m3·mol-1,43.92 Å3,5,1,Yes,Yes,No,No
DB15339,2.22 mg/mL,1.61,-1.9,18.76,8.02,1,2,1,29.1 Å2,3,49.09 m3·mol-1,18.18 Å3,1,1,Yes,Yes,Yes,No
DB03322,0.0794 mg/mL,2.58,-3.5,14.09,9.67,1,3,2,41.49 Å2,6,76.83 m3·mol-1,30.05 Å3,2,1,Yes,Yes,No,No
DB15374,0.0 mg/mL,0.23,1.08,,,0,0,0,0 Å2,0,0 m3·mol-1,1.78 Å3,0,1,Yes,No,Yes,No
DB01105,0.00094 mg/mL,5.2,-5.5,,9.77,1,1,0,3.24 Å2,5,83.92 m3·mol-1,32.9 Å3,2,1,No,Yes,Yes,No
DB03350,,-2.4,,,9.93,-1,0,6,165.84 Å2,0,93.09 m3·mol-1,13.87 Å3,0,1,No,No,No,No
DB03368,0.0139 mg/mL,2.46,-4.4,7.14,-3.7,-1,3,2,84.5 Å2,3,81.39 m3·mol-1,30.41 Å3,3,1,Yes,Yes,No,No
DB01136,0.00444 mg/mL,3.42,-5,14.03,8.74,1,5,3,75.74 Å2,10,115.64 m3·mol-1,45.03 Å3,4,1,Yes,Yes,No,Yes
DB15429,22.6 mg/mL,0.0032,-0.61,4.2,,-1,2,2,37.3 Å2,1,20.47 m3·mol-1,8.17 Å3,0,1,Yes,No,Yes,No
DB03394,1.55 mg/mL,-1.5,-2.3,14.82,-2.7,0,8,2,95.84 Å2,19,80.81 m3·mol-1,37.93 Å3,0,1,Yes,No,No,No
DB01185,0.0452 mg/mL,2.38,-3.9,13.6,-3,0,3,2,57.53 Å2,0,90.19 m3·mol-1,36.65 Å3,4,1,Yes,Yes,No,No
DB01191,0.0215 mg/mL,3.47,-4,,10.22,1,1,1,12.03 Å2,5,59.2 m3·mol-1,22.69 Å3,1,1,Yes,Yes,Yes,No
DB01192,25.6 mg/mL,0.78,-1.1,10.07,8.21,1,5,2,70 Å2,0,79.56 m3·mol-1,30.77 Å3,5,1,Yes,Yes,No,No
DB01193,0.172 mg/mL,1.53,-3.3,13.91,9.65,1,5,3,87.66 Å2,10,94.87 m3·mol-1,38.51 Å3,1,1,Yes,Yes,No,No
DB12643,0.0114 mg/mL,2.69,-4.7,14.81,3.46,0,9,1,125.92 Å2,7,159.46 m3·mol-1,61.84 Å3,5,1,No,No,No,Yes
DB15566,0.0417 mg/mL,1.71,-4,12.61,-2.9,0,5,2,100.9 Å2,4,107.64 m3·mol-1,42.93 Å3,4,1,Yes,Yes,No,No
DB01203,2.25 mg/mL,0.87,-2.1,13.59,9.76,1,5,4,81.95 Å2,6,85.53 m3·mol-1,34.63 Å3,2,1,Yes,Yes,No,No
DB06212,0.00124 mg/mL,5.35,-5.6,14.19,-2.1,0,3,2,69.64 Å2,3,129.16 m3·mol-1,48.16 Å3,4,1,No,Yes,No,No
DB01210,0.251 mg/mL,2.18,-3.1,14.09,9.75,1,4,2,58.56 Å2,6,83.28 m3·mol-1,33.38 Å3,2,1,Yes,Yes,No,No
DB01214,0.173 mg/mL,2.74,-3.2,14.09,9.67,1,4,2,67.79 Å2,8,86.63 m3·mol-1,35.85 Å3,1,1,Yes,Yes,No,No
DB01217,0.0661 mg/mL,3.03,-3.6,,2,0,4,0,78.29 Å2,4,97.47 m3·mol-1,31.97 Å3,2,1,Yes,Yes,No,No
DB01222,0.0457 mg/mL,2.73,-4,13.75,-2.9,0,6,2,93.06 Å2,4,116.11 m3·mol-1,46.88 Å3,5,1,Yes,Yes,No,No
DB01230,0.979 mg/mL,0.8,-2.3,15.33,-0.69,0,4,1,64.68 Å2,1,45.7 m3·mol-1,17.04 Å3,2,1,Yes,Yes,No,No
DB01234,0.0505 mg/mL,1.68,-3.9,12.42,-3.3,0,5,3,94.83 Å2,2,102.49 m3·mol-1,40.71 Å3,4,1,Yes,Yes,No,No
DB01240,0.136 mg/mL,2.42,-3.4,4.43,-1.6,-1,5,3,86.99 Å2,10,99.01 m3·mol-1,41.09 Å3,2,1,Yes,Yes,No,No
DB15642,5.68 mg/mL,-0.33,-1.7,5.2,4.7,-1,8,1,101.3 Å2,3,104.13 m3·mol-1,31.02 Å3,4,1,Yes,Yes,No,No
DB08619,0.00844 mg/mL,3.63,-4.7,4.31,-4.8,-1,4,1,80.67 Å2,5,104.47 m3·mol-1,43.74 Å3,4,1,Yes,Yes,No,No
DB01255,0.0877 mg/mL,1.14,-3.5,15.89,10.21,2,3,3,81.14 Å2,8,78.31 m3·mol-1,31.28 Å3,1,1,Yes,Yes,No,No
DB03508,25.3 mg/mL,0.39,-0.77,,-3.7,0,3,0,27.69 Å2,7,39.85 m3·mol-1,17.62 Å3,0,1,Yes,No,Yes,No
DB01274,0.0416 mg/mL,1.06,-3.9,8.61,9.81,1,5,4,90.82 Å2,8,97.87 m3·mol-1,36.56 Å3,2,1,Yes,Yes,No,No
DB08641,0.125 mg/mL,0.95,-3.4,3.09,-7,-1,7,2,143.68 Å2,8,79.31 m3·mol-1,31.31 Å3,1,1,Yes,Yes,No,No
DB01284,0.0481 mg/mL,-14,-4.8,3.03,12.38,6,46,42,1158.72 Å2,93,790.98 m3·mol-1,309.35 Å3,9,0,No,No,No,Yes
DB01288,0.162 mg/mL,1.47,-3.3,8.85,9.63,1,5,5,92.95 Å2,6,85 m3·mol-1,31.75 Å3,2,1,Yes,Yes,No,No
DB15760,50.4 mg/mL,-0.84,-0.62,-3,,-2,4,0,80.26 Å2,0,11.53 m3·mol-1,5.81 Å3,0,1,Yes,No,No,No
DB15777,0.0022 mg/mL,4.21,-5.3,15.15,-0.23,0,4,1,80.67 Å2,5,124.32 m3·mol-1,50.5 Å3,4,1,Yes,Yes,No,No
DB06401,0.000564 mg/mL,6.01,-5.9,9.63,9.09,1,4,2,57.86 Å2,7,141.9 m3·mol-1,54.06 Å3,5,1,No,No,No,Yes
DB03556,0.232 mg/mL,-0.54,-3.2,15.12,-2.7,0,9,1,94.07 Å2,24,101.36 m3·mol-1,47.77 Å3,0,1,Yes,No,No,No
DB06409,9.19 mg/mL,-3,-1.7,2.87,9.12,0,10,5,149.15 Å2,3,112.4 m3·mol-1,45.1 Å3,6,1,Yes,No,No,No
DB06412,0.0349 mg/mL,3.55,-4,8.87,-0.53,0,3,2,57.53 Å2,0,94.6 m3·mol-1,38.84 Å3,4,1,Yes,Yes,No,No
DB06413,0.622 mg/mL,1.53,-2.6,8.84,-4.4,0,2,1,60.16 Å2,5,77.39 m3·mol-1,28.2 Å3,2,1,Yes,Yes,No,No
DB12779,0.236 mg/mL,2.36,-3.1,8.56,9.47,1,4,4,72.72 Å2,2,77.6 m3·mol-1,29.25 Å3,3,1,Yes,Yes,No,No
DB03566,32.7 mg/mL,-1.1,-0.65,,10.68,3,3,3,64.07 Å2,7,44.97 m3·mol-1,18.8 Å3,0,1,Yes,No,No,No
DB15821,0.0017 mg/mL,4.44,-5.4,15.15,-0.23,0,4,1,80.67 Å2,8,129.05 m3·mol-1,52.93 Å3,4,1,Yes,No,No,Yes
DB08683,0.0622 mg/mL,3.76,-3.8,8.03,-4.4,0,3,1,65.26 Å2,0,110.25 m3·mol-1,41.46 Å3,8,1,Yes,Yes,No,No
DB12787,0.0174 mg/mL,3.87,-4.2,19.28,-0.27,0,2,1,37.3 Å2,1,89.12 m3·mol-1,36.28 Å3,4,1,Yes,Yes,Yes,No
DB01364,8.26 mg/mL,1.32,-1.3,13.89,9.52,1,2,2,32.26 Å2,3,49.69 m3·mol-1,18.8 Å3,1,1,Yes,Yes,Yes,No
DB01365,0.457 mg/mL,2.52,-2.6,,10.3,1,1,1,12.03 Å2,3,53.12 m3·mol-1,19.79 Å3,1,1,Yes,Yes,Yes,No
DB01366,,0.88,,8.52,9.88,1,4,4,81.59 Å2,5,84.58 m3·mol-1,31.25 Å3,2,1,Yes,Yes,No,No
DB08704,0.883 mg/mL,0.58,-2.6,11.81,-0.93,0,8,5,149.71 Å2,8,98.08 m3·mol-1,40.8 Å3,2,1,Yes,Yes,No,No
DB01380,0.0278 mg/mL,2.1,-4.2,12.6,-3.8,0,5,1,97.74 Å2,4,105.63 m3·mol-1,43.06 Å3,4,1,Yes,Yes,No,No
DB01406,0.0176 mg/mL,3.46,-4.3,17.59,0.25,0,2,1,46.26 Å2,0,98.54 m3·mol-1,38.44 Å3,5,1,Yes,Yes,No,No
DB01407,0.112 mg/mL,2.33,-3.4,14.06,9.63,1,3,3,58.28 Å2,4,73.38 m3·mol-1,28.81 Å3,1,1,Yes,Yes,No,No
DB01410,0.00157 mg/mL,5.32,-5.5,14.78,-2.9,0,6,1,99.13 Å2,6,146.28 m3·mol-1,60.18 Å3,6,0,No,No,No,Yes
DB12846,2.88 mg/mL,-1.2,-2.1,8.84,9.66,1,7,4,131.16 Å2,7,101.96 m3·mol-1,39.7 Å3,3,1,Yes,No,No,Yes
DB03622,0.521 mg/mL,-1.7,-2.8,-0.54,5.72,0,6,3,102.23 Å2,4,87.16 m3·mol-1,33.87 Å3,3,1,Yes,No,No,No
DB01420,0.00502 mg/mL,4.51,-4.8,18.52,-4.8,0,2,0,43.37 Å2,3,98.21 m3·mol-1,40.45 Å3,4,1,Yes,Yes,No,No
DB12861,0.157 mg/mL,-1.3,-3.3,10.08,6.98,1,7,3,147.25 Å2,3,89.02 m3·mol-1,31.39 Å3,1,1,Yes,No,No,No
DB01434,0.0454 mg/mL,3.63,-3.8,18.25,-4.7,0,2,0,34.14 Å2,0,79.13 m3·mol-1,31.56 Å3,4,1,Yes,Yes,Yes,No
DB15954,1.72 mg/mL,0.93,-2.3,17.24,9.27,1,3,0,32.78 Å2,0,94.51 m3·mol-1,35.9 Å3,7,1,Yes,Yes,Yes,No
DB01439,0.018 mg/mL,4.21,-4.3,,9.07,1,2,0,23.55 Å2,6,104.9 m3·mol-1,41.23 Å3,3,1,Yes,Yes,Yes,Yes
DB01443,0.0621 mg/mL,3.27,-3.6,16.25,-7.2,0,2,0,34.14 Å2,0,79.16 m3·mol-1,31.58 Å3,4,1,Yes,Yes,Yes,No
DB01448,,,,,,,,,,,,,,,,,,
DB01451,0.0051 mg/mL,3.97,-4.8,,-4.9,0,2,0,34.14 Å2,0,83.87 m3·mol-1,33.2 Å3,4,1,Yes,Yes,Yes,No
DB01452,0.266 mg/mL,1.55,-3.1,,9.1,1,4,0,65.07 Å2,4,98.43 m3·mol-1,38.19 Å3,5,1,Yes,Yes,No,No
DB01453,0.114 mg/mL,2.9,-3.5,14.11,8.28,1,3,1,43.78 Å2,6,104.69 m3·mol-1,40.71 Å3,3,1,Yes,Yes,No,Yes
DB15970,0.0395 mg/mL,1.78,-4,12.58,-3.3,0,5,2,91.67 Å2,2,102.13 m3·mol-1,40.51 Å3,4,1,Yes,Yes,No,No
DB01455,0.0645 mg/mL,2.5,-3.6,18.23,-0.77,0,2,2,40.46 Å2,0,81.01 m3·mol-1,33.21 Å3,4,1,Yes,Yes,No,No
DB01456,0.0366 mg/mL,3.57,-3.9,16.23,-7.2,0,2,0,34.14 Å2,0,83.63 m3·mol-1,33.23 Å3,4,1,Yes,Yes,Yes,No
DB01458,0.101 mg/mL,2.48,-3.4,,9.69,1,3,1,44.48 Å2,7,74.29 m3·mol-1,29.58 Å3,1,1,Yes,Yes,No,No
DB01463,0.00295 mg/mL,3.21,-4.9,,10.56,1,1,1,12.03 Å2,3,67.64 m3·mol-1,26.13 Å3,3,1,Yes,Yes,Yes,No
DB15984,0.00309 mg/mL,4.2,-5.1,,-6.2,0,2,0,43.37 Å2,2,98.37 m3·mol-1,40.68 Å3,4,1,Yes,Yes,No,No
DB01466,0.835 mg/mL,1.7,-2.6,13.78,9.19,1,4,1,41.93 Å2,2,89.35 m3·mol-1,34.15 Å3,5,1,Yes,Yes,No,No
DB15988,0.207 mg/mL,1.91,-3.1,19.21,9.04,1,3,1,55.4 Å2,8,73.28 m3·mol-1,29.24 Å3,1,1,Yes,Yes,No,No
DB01470,0.0186 mg/mL,4.14,-4.3,,8.98,1,2,0,23.55 Å2,6,104.9 m3·mol-1,41.34 Å3,3,1,Yes,Yes,Yes,Yes
DB01471,0.0112 mg/mL,3.93,-4.4,18.8,-0.53,0,2,1,37.3 Å2,0,93.62 m3·mol-1,37.53 Å3,4,1,Yes,Yes,Yes,No
DB12915,,,,,,,,,,,,,,,,,,
DB06622,0.102 mg/mL,2.46,-3.5,18.3,-0.51,0,3,2,57.53 Å2,0,85.4 m3·mol-1,35.56 Å3,4,1,Yes,Yes,No,No
DB15999,0.0065 mg/mL,3.75,-4.8,12.61,-2.9,0,5,2,100.9 Å2,8,126.07 m3·mol-1,51.73 Å3,4,1,Yes,No,No,Yes
DB16001,0.000114 mg/mL,7.62,-6.6,18.52,-4.8,0,2,0,43.37 Å2,10,130.42 m3·mol-1,54.86 Å3,4,1,No,No,No,Yes
DB01481,0.0128 mg/mL,3.41,-4.4,19.38,-0.88,0,2,1,37.3 Å2,0,84.7 m3·mol-1,33.91 Å3,4,1,Yes,Yes,Yes,No
DB16002,0.000955 mg/mL,5.68,-5.6,18.52,-4.8,0,2,0,43.37 Å2,5,111.96 m3·mol-1,46.61 Å3,4,1,No,No,No,No
DB16003,0.000283 mg/mL,6.09,-6.2,18.52,-4.8,0,2,0,43.37 Å2,5,122.9 m3·mol-1,49.36 Å3,5,1,No,No,No,No
DB01485,0.068 mg/mL,2.85,-3.6,9.28,-0.88,0,3,2,57.53 Å2,0,86.4 m3·mol-1,34.73 Å3,4,1,Yes,Yes,No,No
DB01486,20.6 mg/mL,0.89,-0.87,13.9,9.37,1,2,2,46.25 Å2,2,44.91 m3·mol-1,16.88 Å3,1,1,Yes,No,No,No
DB08804,0.000157 mg/mL,7.32,-6.4,18.25,-4.7,0,2,0,43.37 Å2,10,125.94 m3·mol-1,53.64 Å3,4,1,No,No,No,Yes
DB06645,0.0103 mg/mL,2.36,-4.7,12.7,8.34,1,5,3,114.77 Å2,9,157.07 m3·mol-1,61.1 Å3,4,1,No,No,No,Yes
DB08807,0.0016 mg/mL,4.67,-5.4,16.8,9.29,1,3,2,63.35 Å2,9,111.07 m3·mol-1,43.08 Å3,3,1,Yes,Yes,No,Yes
DB01493,0.00086 mg/mL,4.69,-5.5,,-0.27,0,1,1,20.23 Å2,1,88.5 m3·mol-1,35.94 Å3,4,1,Yes,Yes,Yes,No
DB12948,5.54 mg/mL,0.21,-1.5,8.32,-5.1,0,4,4,89.79 Å2,1,40.86 m3·mol-1,15.22 Å3,1,1,Yes,No,No,No
DB01500,0.0883 mg/mL,2.55,-3.5,9.3,-0.88,0,3,2,57.53 Å2,0,81.92 m3·mol-1,33.23 Å3,4,1,Yes,Yes,No,No
DB06666,0.000467 mg/mL,5.98,-6,12.37,-3.1,0,2,1,54.34 Å2,3,133 m3·mol-1,49.25 Å3,5,1,No,No,No,No
DB12952,0.0587 mg/mL,1.95,-3.8,12.58,-3.3,0,5,2,91.67 Å2,2,102.12 m3·mol-1,40.27 Å3,4,1,Yes,Yes,No,No
DB01503,0.0348 mg/mL,3,-3.9,17.5,-0.82,0,2,2,40.46 Å2,0,85.59 m3·mol-1,34.68 Å3,4,1,Yes,Yes,No,No
DB01509,2.83 mg/mL,1.43,-1.8,,10.01,1,3,1,44.48 Å2,2,49.47 m3·mol-1,19.5 Å3,2,1,Yes,Yes,No,No
DB01510,,,,,,,,,,,,,,,,,,
DB01514,0.0277 mg/mL,2.97,-4.1,,-0.51,0,3,1,59.15 Å2,0,93.06 m3·mol-1,37.94 Å3,5,1,Yes,Yes,No,No
DB01521,0.0153 mg/mL,3.75,-4.3,19.38,-0.88,0,2,1,37.3 Å2,0,89.22 m3·mol-1,36.02 Å3,4,1,Yes,Yes,Yes,No
DB01524,0.055 mg/mL,2.8,-3.7,18.2,-0.77,0,2,2,40.46 Å2,0,85.48 m3·mol-1,34.87 Å3,4,1,Yes,Yes,No,No
DB01526,0.0481 mg/mL,2.95,-3.8,17.5,-0.82,0,2,2,40.46 Å2,0,85.33 m3·mol-1,34.38 Å3,4,1,Yes,Yes,No,No
DB06701,,2.25,,,9.09,1,2,1,38.33 Å2,4,66.73 m3·mol-1,26.15 Å3,2,1,Yes,Yes,Yes,No
DB01529,0.0175 mg/mL,3.75,-4.4,,7.77,1,3,0,32.78 Å2,6,117.37 m3·mol-1,44.36 Å3,4,1,Yes,Yes,Yes,Yes
DB01531,0.86 mg/mL,2.11,-2.5,10.35,9.38,1,3,1,32.7 Å2,0,77.8 m3·mol-1,29.99 Å3,5,1,Yes,Yes,Yes,No
DB01532,0.022 mg/mL,3.53,-4.2,,9.01,1,2,0,23.55 Å2,5,103.27 m3·mol-1,39.97 Å3,3,1,Yes,Yes,Yes,No
DB06706,3.06 mg/mL,2.32,-1.7,,10.67,1,1,1,12.03 Å2,4,47.59 m3·mol-1,18.81 Å3,0,1,Yes,No,Yes,No
DB01536,0.027 mg/mL,3.93,-4,18.52,-4.8,0,2,0,34.14 Å2,0,83.61 m3·mol-1,33.21 Å3,4,1,Yes,Yes,Yes,No
DB01537,0.199 mg/mL,1.84,-3.1,,9.68,1,3,1,44.48 Å2,4,59.84 m3·mol-1,23.54 Å3,1,1,Yes,Yes,No,No
DB06710,0.0139 mg/mL,3.65,-4.3,18.52,-0.53,0,2,1,37.3 Å2,0,89.07 m3·mol-1,35.85 Å3,4,1,Yes,Yes,Yes,No
DB01540,0.0575 mg/mL,2.83,-3.7,9.33,-0.53,0,3,2,57.53 Å2,0,86.56 m3·mol-1,35.02 Å3,4,1,Yes,Yes,No,No
DB01541,0.0259 mg/mL,3.36,-4,18.39,-0.88,0,2,1,37.3 Å2,0,85.52 m3·mol-1,33.11 Å3,4,1,Yes,Yes,Yes,No
DB06714,0.0904 mg/mL,2.7,-3.2,,10.61,1,1,1,12.03 Å2,3,49.54 m3·mol-1,20.27 Å3,1,1,Yes,No,Yes,No
DB01543,0.0302 mg/mL,3.51,-4,18.25,-0.75,0,2,1,37.3 Å2,1,84.56 m3·mol-1,34.36 Å3,4,1,Yes,Yes,Yes,No
DB06718,0.00173 mg/mL,3.81,-5.3,16.23,3.36,0,2,2,48.91 Å2,0,96.8 m3·mol-1,39.33 Å3,5,1,Yes,Yes,No,No
DB06719,,-3.3,,9.49,11.85,1,17,16,438.27 Å2,33,334.23 m3·mol-1,131.48 Å3,6,0,No,No,No,Yes
DB01550,0.184 mg/mL,2.01,-3,,7.88,1,2,1,35.82 Å2,5,58.24 m3·mol-1,22.04 Å3,1,1,Yes,Yes,Yes,No
DB01556,0.105 mg/mL,2.69,-3.2,,10.24,1,1,1,26.02 Å2,2,53.15 m3·mol-1,20.19 Å3,1,1,Yes,Yes,Yes,No
DB01557,0.014 mg/mL,4.23,-4.4,,9,1,2,0,23.55 Å2,6,107.9 m3·mol-1,41.69 Å3,3,1,Yes,Yes,Yes,Yes
DB01560,2.46 mg/mL,1.18,-1.8,18.89,7.55,1,2,1,43.09 Å2,2,44.31 m3·mol-1,16.28 Å3,1,1,Yes,No,No,No
DB01564,0.0112 mg/mL,3.93,-4.4,18.8,-0.53,0,2,1,37.3 Å2,0,93.62 m3·mol-1,37.77 Å3,4,1,Yes,Yes,Yes,No
DB01565,,1.08,,10.29,9.24,1,4,2,52.93 Å2,0,79.16 m3·mol-1,30.68 Å3,5,1,Yes,Yes,No,No
DB08905,0.0578 mg/mL,3.41,-3.7,9.21,-3.7,0,3,1,54.37 Å2,0,85.57 m3·mol-1,34.05 Å3,4,1,Yes,Yes,No,No
DB01569,0.0605 mg/mL,1.76,-3.8,14.39,-2.9,0,4,2,74.6 Å2,1,96.9 m3·mol-1,38.13 Å3,4,1,Yes,Yes,No,No
DB01570,0.0871 mg/mL,3.38,-3.6,14.11,8.59,1,3,1,43.78 Å2,6,109.11 m3·mol-1,42.37 Å3,3,1,Yes,Yes,No,Yes
DB01571,0.015 mg/mL,4.29,-4.4,,9.08,1,2,0,23.55 Å2,6,107.9 m3·mol-1,41.59 Å3,3,1,Yes,Yes,Yes,Yes
DB01572,0.00401 mg/mL,3.69,-4.9,,-0.53,0,2,1,37.3 Å2,0,89.33 m3·mol-1,35.73 Å3,4,1,Yes,Yes,Yes,No
DB01573,0.0456 mg/mL,3.07,-3.9,13.78,9.19,1,4,1,41.93 Å2,3,109.22 m3·mol-1,41.38 Å3,6,1,Yes,Yes,No,No
DB08906,0.0434 mg/mL,4.13,-4.1,13.61,-3.1,0,4,1,93.81 Å2,6,130.08 m3·mol-1,51.56 Å3,5,1,No,No,No,Yes
DB01577,0.928 mg/mL,2.24,-2.2,,10.21,1,1,1,12.03 Å2,3,48.48 m3·mol-1,18.04 Å3,1,1,Yes,No,Yes,No
DB01579,2.43 mg/mL,2.17,-1.9,,7.28,1,2,0,12.47 Å2,1,57.76 m3·mol-1,22.18 Å3,2,1,Yes,Yes,Yes,No
DB01580,0.68 mg/mL,2.17,-2.6,14.09,9.67,1,4,2,50.72 Å2,9,76 m3·mol-1,30.31 Å3,1,1,Yes,Yes,No,No
DB16117,0.00288 mg/mL,1.93,-5.3,3.3,9.8,0,7,2,105.53 Å2,12,161.01 m3·mol-1,66.1 Å3,7,0,No,No,No,Yes
DB08925,0.758 mg/mL,1.53,-2.6,8.1,-5.5,0,3,2,66.4 Å2,5,79.15 m3·mol-1,29.63 Å3,2,1,Yes,Yes,No,No
DB16136,3.06 mg/mL,2.32,-1.7,,10.67,1,1,1,12.03 Å2,4,47.59 m3·mol-1,18.47 Å3,0,1,Yes,No,Yes,No
DB16141,4.39e-05 mg/mL,8.34,-7,18.3,-4.7,0,2,0,43.37 Å2,11,139.64 m3·mol-1,59.02 Å3,4,0,No,No,No,Yes
DB06788,,-2.1,,9.49,11.59,1,17,16,446.86 Å2,34,360.07 m3·mol-1,138.34 Å3,8,0,No,No,No,Yes
DB13074,0.00616 mg/mL,1.67,-4.9,12.4,8.34,1,4,6,144.9 Å2,9,133.14 m3·mol-1,49.05 Å3,4,1,No,No,No,Yes
DB08971,0.0339 mg/mL,1.97,-4,13.84,-0.23,0,4,2,74.6 Å2,2,101.47 m3·mol-1,40.14 Å3,4,1,Yes,Yes,No,No
DB08973,0.00175 mg/mL,3.42,-5.4,13.73,-3.3,0,5,1,72.83 Å2,2,119.21 m3·mol-1,47.44 Å3,5,1,Yes,No,No,No
DB06825,0.0305 mg/mL,-3.6,-4.6,9.49,11.54,1,17,18,487.92 Å2,33,352.43 m3·mol-1,135.23 Å3,8,0,No,No,No,Yes
DB08985,13.8 mg/mL,0.23,-1.1,9.1,9.73,1,3,3,52.49 Å2,4,52 m3·mol-1,20.33 Å3,1,1,Yes,Yes,No,No
DB08989,12.4 mg/mL,1.52,-1.3,8.95,-1,0,3,1,49.77 Å2,4,62.87 m3·mol-1,24.06 Å3,1,1,Yes,Yes,No,No
DB13108,0.715 mg/mL,2.12,-2.4,18.83,8.05,1,2,1,29.1 Å2,3,54.13 m3·mol-1,20.66 Å3,1,1,Yes,Yes,Yes,No
DB13139,2.15 mg/mL,0.34,-2,10.12,9.4,1,4,4,72.72 Å2,5,67.87 m3·mol-1,26.87 Å3,1,1,Yes,Yes,No,No
DB09022,0.00128 mg/mL,4.92,-5.4,,9.14,1,2,1,38.33 Å2,9,90.57 m3·mol-1,34.83 Å3,2,1,Yes,Yes,Yes,No
DB06870,0.0199 mg/mL,3.5,-4.2,18.4,-0.14,0,2,1,37.3 Å2,2,95.42 m3·mol-1,37.03 Å3,4,1,Yes,Yes,Yes,No
DB13169,0.0561 mg/mL,3.07,-3.7,18.25,-0.88,0,2,1,37.3 Å2,0,79.95 m3·mol-1,32.27 Å3,4,1,Yes,Yes,Yes,No
DB16279,0.00588 mg/mL,5.26,-5,11.01,0.71,0,6,2,107.08 Å2,8,126.95 m3·mol-1,49.5 Å3,4,0,No,No,No,Yes
DB01708,0.0438 mg/mL,3.36,-3.8,18.2,-1.4,0,2,1,37.3 Å2,0,84.66 m3·mol-1,34.1 Å3,4,1,Yes,Yes,Yes,No
DB09069,0.754 mg/mL,0.91,-2.6,,9.21,1,5,1,42.96 Å2,5,74.75 m3·mol-1,29.15 Å3,2,1,Yes,Yes,No,No
DB09070,0.00722 mg/mL,3.1,-4.6,16.27,-1.7,0,2,1,37.3 Å2,0,91.73 m3·mol-1,36.77 Å3,4,1,Yes,Yes,Yes,No
DB13185,0.00377 mg/mL,5.29,-5,9.23,-3.7,0,3,1,63.6 Å2,5,116.85 m3·mol-1,48.9 Å3,5,1,No,Yes,No,No
DB09080,0.0703 mg/mL,1.19,-3.7,9.22,9.84,1,6,4,100.05 Å2,7,106.9 m3·mol-1,41.34 Å3,3,1,Yes,Yes,No,Yes
DB09082,0.00118 mg/mL,3.6,-5.6,10.12,9.4,1,6,4,91.18 Å2,16,129.09 m3·mol-1,53.67 Å3,2,1,Yes,No,No,No
DB09095,0.0446 mg/mL,2.01,-4,13.42,-3.3,0,4,2,74.6 Å2,2,100.99 m3·mol-1,40.2 Å3,4,1,Yes,Yes,No,No
DB03962,4.28 mg/mL,-9.2,-2.3,0.65,3.94,-3,17,8,367.62 Å2,13,159.37 m3·mol-1,63.91 Å3,5,0,No,No,No,Yes
DB13238,3.29 mg/mL,2,-1.5,,10.43,1,1,1,26.02 Å2,4,37.41 m3·mol-1,15.63 Å3,0,1,Yes,No,Yes,No
DB13251,17.2 mg/mL,-0.32,-0.95,9.64,8.98,1,3,3,66.48 Å2,2,42.47 m3·mol-1,16.16 Å3,1,1,Yes,No,No,No
DB09168,0.000954 mg/mL,5.46,-5.6,,9.05,1,2,0,23.55 Å2,7,127.98 m3·mol-1,48.33 Å3,4,1,No,Yes,Yes,Yes
DB09169,0.00179 mg/mL,4.88,-5.3,,9.38,1,2,0,23.55 Å2,8,117.14 m3·mol-1,44.61 Å3,3,1,Yes,Yes,Yes,Yes
DB13285,0.277 mg/mL,2.59,-2.8,,10.29,1,1,1,12.03 Å2,4,53.23 m3·mol-1,20.27 Å3,1,1,Yes,Yes,Yes,No
DB09170,0.0326 mg/mL,2.81,-4,13.69,8.16,1,3,1,43.78 Å2,6,101.58 m3·mol-1,40.59 Å3,3,1,Yes,Yes,No,Yes
DB09171,0.0134 mg/mL,4.18,-4.4,,9.07,1,2,0,23.55 Å2,6,107.95 m3·mol-1,40.7 Å3,3,1,Yes,Yes,Yes,Yes
DB09173,0.0137 mg/mL,4.26,-4.4,,8.77,1,2,0,23.55 Å2,7,108.08 m3·mol-1,42.03 Å3,3,1,Yes,Yes,Yes,Yes
DB06987,0.429 mg/mL,0.43,-2.8,14.08,9.67,1,4,3,84.58 Å2,8,73.51 m3·mol-1,29.99 Å3,1,1,Yes,Yes,No,No
DB09177,0.0167 mg/mL,3.96,-4.3,,8.74,1,2,0,23.55 Å2,6,103.7 m3·mol-1,40.41 Å3,3,1,Yes,Yes,Yes,Yes
DB09180,0.0341 mg/mL,3.73,-4,,8.76,1,2,0,23.55 Å2,6,100.48 m3·mol-1,39.51 Å3,3,1,Yes,Yes,Yes,Yes
DB09182,0.0534 mg/mL,3.53,-3.8,,8.18,1,2,0,23.55 Å2,5,98.73 m3·mol-1,36.4 Å3,3,1,Yes,Yes,Yes,No
DB16625,,6.28,,,-6.9,0,2,0,43.37 Å2,7,116.84 m3·mol-1,48.28 Å3,4,1,No,No,No,Yes
DB16629,,-2.7,,2.56,-2.4,0,6,2,149.18 Å2,11,137.75 m3·mol-1,50.9 Å3,3,1,Yes,No,No,Yes
DB01839,952.0 mg/mL,-0.79,1.1,14.47,-2.9,0,2,2,40.46 Å2,1,18.97 m3·mol-1,8.01 Å3,0,1,Yes,No,No,No
DB16702,0.0602 mg/mL,4.44,-3.8,,9.1,1,3,0,26.79 Å2,7,116.98 m3·mol-1,43.79 Å3,3,1,Yes,Yes,Yes,Yes
DB16741,0.639 mg/mL,0.12,-2.9,12.75,-0.59,0,10,6,183.36 Å2,13,130.22 m3·mol-1,55.93 Å3,3,0,No,No,No,Yes
DB07027,0.0445 mg/mL,2.1,-3.9,14.21,7.7,1,3,2,75.43 Å2,6,101.65 m3·mol-1,38.92 Å3,3,1,Yes,Yes,No,Yes
DB01873,0.00246 mg/mL,5.1,-5.3,14.09,2.73,0,5,2,96.72 Å2,2,136.04 m3·mol-1,55.62 Å3,2,1,No,No,No,No
DB16826,0.0498 mg/mL,2.17,-3.8,12.73,0.59,0,5,2,80.55 Å2,0,106.42 m3·mol-1,34.85 Å3,4,1,Yes,Yes,No,No
DB09255,,,,,,,,,,,,,,,,,,
DB13378,18.6 mg/mL,-0.32,-0.91,9.56,8.91,1,3,3,66.48 Å2,2,42.47 m3·mol-1,15.94 Å3,1,1,Yes,No,No,No
DB09287,,,,,,,,,,,,,,,,,,
DB13415,4.51 mg/mL,0.59,-1.5,,-0.45,0,3,0,43.6 Å2,0,50.07 m3·mol-1,14.15 Å3,2,1,Yes,No,No,No
DB09315,,0,,,,0,0,0,0 Å2,0,0 m3·mol-1,1.78 Å3,0,1,Yes,No,Yes,No
DB07117,0.031 mg/mL,2.52,-4.2,6.67,3.15,-1,7,2,116.76 Å2,5,123.02 m3·mol-1,46.23 Å3,5,1,Yes,Yes,No,No
DB04152,4.36 mg/mL,-2.6,-1.7,2.05,9.48,-1,5,3,101.65 Å2,3,60.59 m3·mol-1,23.33 Å3,2,1,Yes,No,No,No
DB13438,0.0233 mg/mL,3.99,-4,,10.46,1,1,0,3.24 Å2,5,70.44 m3·mol-1,26.81 Å3,2,1,Yes,Yes,Yes,No
DB13443,0.429 mg/mL,0.43,-2.8,14.08,9.67,1,4,3,84.58 Å2,8,73.51 m3·mol-1,29.99 Å3,1,1,Yes,Yes,No,No
DB13453,,0,,,,0,0,0,0 Å2,0,0 m3·mol-1,1.78 Å3,0,1,Yes,No,Yes,No
DB13454,0.0709 mg/mL,3.22,-3.8,,9.1,1,6,0,90.85 Å2,6,135.45 m3·mol-1,51.11 Å3,7,1,Yes,No,No,Yes
DB16927,0.51 mg/mL,2.88,-2.7,9.26,7.72,1,3,2,43.7 Å2,0,79.99 m3·mol-1,29.54 Å3,4,1,Yes,Yes,No,No
DB09351,0.0298 mg/mL,2.54,-4,14.09,9.67,1,4,2,50.72 Å2,11,88.64 m3·mol-1,37.06 Å3,2,1,Yes,Yes,No,No
DB13472,0.000792 mg/mL,4.86,-5.7,,-6.8,0,2,0,52.6 Å2,6,113.52 m3·mol-1,41.08 Å3,3,1,Yes,Yes,No,Yes
DB09378,0.261 mg/mL,0.93,-3.2,12.58,-2.9,0,5,3,94.83 Å2,2,98.32 m3·mol-1,38.9 Å3,4,1,Yes,Yes,No,No
DB09383,0.0711 mg/mL,2.02,-3.7,12.44,-3.3,0,5,2,91.67 Å2,2,102.04 m3·mol-1,40.19 Å3,4,1,Yes,Yes,No,No
DB13484,0.001 mg/mL,5.03,-5.6,18.86,-4.6,0,2,0,26.3 Å2,2,108.18 m3·mol-1,42.19 Å3,5,1,No,Yes,Yes,No
DB04230,3.79 mg/mL,-6.4,-2.3,0.83,4.89,-4,18,9,389.7 Å2,20,164.75 m3·mol-1,68.05 Å3,3,0,No,No,No,Yes
DB09461,,0,,,,0,0,0,0 Å2,0,0 m3·mol-1,1.78 Å3,0,1,Yes,No,Yes,No
DB13515,0.0059 mg/mL,5.01,-4.7,18.78,9.12,1,2,0,20.31 Å2,7,97.27 m3·mol-1,35.86 Å3,2,1,No,Yes,Yes,No
DB13530,0.354 mg/mL,1.89,-2.9,14.09,9.67,1,3,3,57.28 Å2,6,76.61 m3·mol-1,30.36 Å3,2,1,Yes,Yes,No,No
DB13533,0.0302 mg/mL,3.35,-4,19.28,-0.53,0,2,1,37.3 Å2,0,84.59 m3·mol-1,34.21 Å3,4,1,Yes,Yes,Yes,No
DB02069,0.0278 mg/mL,1.52,-4,9.95,-1.3,0,3,2,89.26 Å2,4,77.02 m3·mol-1,29.83 Å3,2,1,Yes,Yes,No,No
DB09571,0.928 mg/mL,2.24,-2.2,,10.21,1,1,1,12.03 Å2,3,48.48 m3·mol-1,18.09 Å3,1,1,Yes,No,Yes,No
DB13560,,,,,,,,,,,,,,,,,,
DB13561,0.00105 mg/mL,4.57,-5.4,,8.88,1,1,1,12.03 Å2,5,77.9 m3·mol-1,29.34 Å3,2,1,Yes,Yes,Yes,No
DB13574,16.2 mg/mL,0.82,-0.95,18.53,10.43,1,2,2,46.25 Å2,4,43.8 m3·mol-1,18.22 Å3,0,1,Yes,No,No,No
DB11077,,,,,,,,,,,,,,,,,,
DB13586,0.0161 mg/mL,3.64,-4.3,18.39,-0.53,0,2,1,37.3 Å2,0,90.16 m3·mol-1,35.09 Å3,4,1,Yes,Yes,Yes,No
DB13587,0.00641 mg/mL,3.7,-4.7,19.38,-0.88,0,2,1,37.3 Å2,0,88.15 m3·mol-1,36.3 Å3,4,1,Yes,Yes,Yes,No
DB04325,2.19 mg/mL,1.39,-1.7,,9.79,1,1,1,26.02 Å2,2,39.29 m3·mol-1,14.35 Å3,1,1,Yes,No,Yes,No
DB04331,0.0603 mg/mL,1.83,-3.7,9.37,-6,0,2,3,70.59 Å2,4,81.41 m3·mol-1,30.22 Å3,2,1,Yes,Yes,No,No
DB11124,,,,,,,,,,,,,,,,,,
DB17152,0.848 mg/mL,0.81,-2.7,11.71,2.83,0,6,2,109.19 Å2,4,106.57 m3·mol-1,41.8 Å3,5,1,Yes,Yes,No,No
DB02159,952.0 mg/mL,-0.79,1.1,14.47,-2.9,0,2,2,40.46 Å2,1,18.97 m3·mol-1,8.01 Å3,0,1,Yes,No,No,No
DB17202,1.94e-06 mg/mL,15.88,-8.6,,7.61,1,3,0,55.84 Å2,32,227.17 m3·mol-1,97.07 Å3,4,0,No,No,No,Yes
DB11161,,,,,,,,,,,,,,,,,,
DB13653,0.00749 mg/mL,4.31,-4.7,,8.83,1,2,0,23.55 Å2,5,108.18 m3·mol-1,40.88 Å3,3,1,Yes,Yes,Yes,No
DB13655,109.0 mg/mL,0.77,-0.21,,3.61,0,2,0,33.2 Å2,3,52.27 m3·mol-1,19.56 Å3,1,1,Yes,Yes,Yes,No
DB11208,,,,,,,,,,,,,,,,,,
DB07373,0.0169 mg/mL,3.93,-4.2,18.39,-5,0,2,0,34.14 Å2,0,84.7 m3·mol-1,32.45 Å3,4,1,Yes,Yes,Yes,No
DB17384,0.0474 mg/mL,4.03,-3.9,11.86,6.57,0,6,2,78.43 Å2,2,113.42 m3·mol-1,41.33 Å3,5,1,Yes,Yes,No,No
DB17386,,0,,,,0,0,0,0 Å2,0,0 m3·mol-1,1.78 Å3,0,1,Yes,No,Yes,No
DB13692,0.0986 mg/mL,2.24,-3.5,9.53,8.52,1,6,3,80.18 Å2,5,95 m3·mol-1,37.16 Å3,3,1,Yes,Yes,No,No
DB11236,,,,,,,,,,,,,,,,,,
DB13710,0.022 mg/mL,3.65,-4.1,19.38,-0.88,0,2,1,37.3 Å2,0,88.98 m3·mol-1,35.88 Å3,4,1,Yes,Yes,Yes,No
DB13723,20.2 mg/mL,-1.4,-0.99,4.14,,1,3,1,52.16 Å2,4,61.82 m3·mol-1,15.62 Å3,0,1,Yes,No,No,No
DB11278,15.4 mg/mL,1.7,-1.1,13.88,8.86,1,2,1,23.47 Å2,3,54.98 m3·mol-1,20.55 Å3,1,1,Yes,Yes,Yes,No
DB07419,0.00426 mg/mL,4.16,-5,11.95,-4,0,4,2,82.35 Å2,6,94.35 m3·mol-1,36.22 Å3,2,1,Yes,Yes,No,No
DB07423,0.00109 mg/mL,2.74,-5.6,11.59,-4,0,6,3,130.8 Å2,8,104.79 m3·mol-1,39.81 Å3,2,1,Yes,Yes,No,No
